veh_id,direction,wait_time_traditional
vehID30016,north,0
vehID40021,south,74
vehID10004,west,77
vehID30007,north,0
vehID40026,south,69
vehID10003,west,82
vehID20001,east,30
vehID30021,north,0
vehID40028,south,69
vehID10007,west,79
vehID30011,north,0
vehID40032,south,67
vehID10002,west,81
vehID30026,north,0
vehID40007,south,65
vehID20002,east,21
vehID10006,west,76
vehID40018,south,63
vehID30004,north,0
vehID20003,east,20
vehID10009,west,78
vehID40011,south,62
vehID30024,north,0
vehID40024,south,60
vehID10008,west,79
vehID20004,east,18
vehID30008,north,0
vehID40030,south,56
vehID10010,west,77
vehID30020,north,0
vehID40015,south,54
vehID10005,west,77
vehID30009,north,0
vehID40023,south,51
vehID10014,west,75
vehID30027,north,0
vehID40027,south,52
vehID10017,west,74
vehID30015,north,80
vehID40008,south,46
vehID10018,west,73
vehID20006,east,1
vehID30025,north,0
vehID40014,south,45
vehID10012,west,73
vehID30005,north,81
vehID40019,south,43
vehID10015,west,71
vehID20005,east,0
vehID30006,north,82
vehID40013,south,37
vehID10019,west,71
vehID30002,north,78
vehID40005,south,37
vehID10011,west,69
vehID30014,north,78
vehID40033,south,36
vehID10013,west,70
vehID30010,north,77
vehID40004,south,32
vehID10016,west,70
vehID30003,north,77
vehID20008,east,0
vehID40009,south,27
vehID10020,west,72
vehID30017,north,79
vehID30023,north,79
vehID40016,south,26
vehID10026,west,72
vehID20007,east,0
vehID30001,north,76
vehID40017,south,22
vehID10027,west,70
vehID30013,north,75
vehID40025,south,22
vehID10022,west,67
vehID30019,north,76
vehID20009,east,0
vehID40031,south,17
vehID10021,west,69
vehID30022,north,75
vehID40003,south,18
vehID10025,west,64
vehID40012,south,16
vehID20010,east,0
vehID30018,north,75
vehID40022,south,12
vehID10024,west,66
vehID30012,north,75
vehID40006,south,15
vehID10023,west,66
vehID20012,east,80
vehID30030,north,74
vehID40001,south,10
vehID10034,west,62
vehID30043,north,75
vehID40020,south,7
vehID20011,east,79
vehID10031,west,66
vehID30038,north,73
vehID40029,south,6
vehID10035,west,61
vehID30050,north,74
vehID40010,south,1
vehID10033,west,64
vehID30034,north,74
vehID40002,south,0
vehID10028,west,61
vehID20014,east,80
vehID30036,north,71
vehID40040,south,0
vehID10032,west,59
vehID20013,east,74
vehID30049,north,73
vehID40048,south,0
vehID10030,west,80
vehID30046,north,72
vehID40046,south,0
vehID10029,west,79
vehID40062,south,0
vehID30045,north,73
vehID10038,west,78
vehID40056,south,0
vehID30037,north,73
vehID10039,west,78
vehID20015,east,80
vehID40050,south,0
vehID30029,north,68
vehID10037,west,77
vehID20016,east,73
vehID40039,south,0
vehID30044,north,67
vehID10040,west,76
vehID20017,east,78
vehID30047,north,66
vehID40036,south,0
vehID10041,west,77
vehID20018,east,77
vehID30051,north,64
vehID40047,south,0
vehID10036,west,75
vehID10043,west,77
vehID30031,north,64
vehID40044,south,0
vehID10042,west,74
vehID30042,north,66
vehID40038,south,0
vehID10047,west,70
vehID20019,east,74
vehID10048,west,69
vehID30039,north,66
vehID40057,south,0
vehID20020,east,74
vehID10044,west,73
vehID30033,north,64
vehID40055,south,81
vehID10046,west,72
vehID30040,north,53
vehID40064,south,81
vehID10045,west,72
vehID30035,north,50
vehID40065,south,80
vehID10049,west,69
vehID30032,north,49
vehID40035,south,78
vehID10051,west,72
vehID30041,north,54
vehID40059,south,75
vehID10054,west,68
vehID10056,west,71
vehID30066,north,42
vehID40061,south,82
vehID20021,east,73
vehID40041,south,74
vehID30070,north,41
vehID40049,south,80
vehID20022,east,73
vehID30028,north,47
vehID40063,south,77
vehID30069,north,36
vehID20023,east,71
vehID40058,south,79
vehID30048,north,32
vehID20024,east,69
vehID40045,south,78
vehID30064,north,30
vehID40053,south,76
vehID30065,north,29
vehID40052,south,77
vehID30071,north,26
vehID40037,south,74
vehID30072,north,25
vehID30068,north,24
vehID40054,south,77
vehID30053,north,21
vehID40043,south,75
vehID30055,north,22
vehID40042,south,76
vehID30063,north,19
vehID40051,south,73
vehID30052,north,22
vehID30058,north,16
vehID40034,south,74
vehID10050,west,69
vehID20026,east,53
vehID10055,west,67
vehID30062,north,16
vehID40060,south,67
vehID20025,east,56
vehID10052,west,71
vehID30054,north,13
vehID20027,east,47
vehID40089,south,75
vehID10057,west,64
vehID30060,north,13
vehID40082,south,72
vehID10053,west,70
vehID30059,north,9
vehID40078,south,70
vehID30057,north,7
vehID10063,west,63
vehID40069,south,74
vehID20028,east,43
vehID30067,north,6
vehID10059,west,69
vehID30061,north,5
vehID40071,south,66
vehID20029,east,40
vehID10061,west,68
vehID30056,north,4
vehID40088,south,67
vehID20031,east,38
vehID40085,south,74
vehID10058,west,63
vehID30078,north,1
vehID30075,north,0
vehID30074,north,1
vehID40077,south,69
vehID10064,west,70
vehID30084,north,0
vehID40076,south,72
vehID10060,west,62
vehID30076,north,82
vehID40073,south,68
vehID20030,east,29
vehID10062,west,57
vehID30079,north,0
vehID40067,south,64
vehID10068,west,65
vehID20033,east,26
vehID30090,north,0
vehID40072,south,66
vehID10066,west,66
vehID30092,north,0
vehID40084,south,63
vehID10069,west,79
vehID30093,north,77
vehID40074,south,56
vehID10070,west,79
vehID20032,east,18
vehID10065,west,81
vehID30082,north,82
vehID40081,south,58
vehID30085,north,81
vehID10067,west,76
vehID20035,east,15
vehID10072,west,83
vehID30073,north,78
vehID40092,south,54
vehID20034,east,14
vehID30083,north,78
vehID40087,south,53
vehID10074,west,77
vehID30091,north,76
vehID40091,south,51
vehID10075,west,79
vehID30081,north,77
vehID40093,south,48
vehID10071,west,77
vehID30087,north,74
vehID30086,north,81
vehID40079,south,44
vehID10073,west,74
vehID30089,north,75
vehID10076,west,74
vehID40090,south,44
vehID10078,west,76
vehID30080,north,80
vehID40075,south,44
vehID20037,east,0
vehID10080,west,75
vehID30077,north,70
vehID40086,south,37
vehID30088,north,79
vehID10077,west,71
vehID20036,east,0
vehID40068,south,37
vehID10079,west,74
vehID30103,north,75
vehID40083,south,34
vehID10082,west,71
vehID30102,north,78
vehID10081,west,73
vehID20038,east,0
vehID40066,south,33
vehID30109,north,72
vehID10086,west,69
vehID10088,west,72
vehID40080,south,27
vehID30097,north,70
vehID40070,south,29
vehID30101,north,76
vehID40106,south,24
vehID30105,north,67
vehID40119,south,25
vehID30098,north,66
vehID30108,north,65
vehID20039,east,79
vehID40102,south,22
vehID30104,north,77
vehID40107,south,18
vehID30096,north,72
vehID40121,south,18
vehID30107,north,75
vehID40112,south,15
vehID30111,north,71
vehID40117,south,9
vehID30095,north,75
vehID40122,south,12
vehID20040,east,79
vehID30100,north,63
vehID30110,north,71
vehID40110,south,10
vehID20041,east,81
vehID30099,north,73
vehID40116,south,82
vehID30106,north,71
vehID40109,south,1
vehID30094,north,73
vehID40111,south,0
vehID20042,east,79
vehID30122,north,63
vehID40105,south,0
vehID30129,north,71
vehID40108,south,0
vehID30124,north,65
vehID20043,east,78
vehID40118,south,0
vehID30118,north,67
vehID40114,south,0
vehID30123,north,61
vehID40095,south,0
vehID30114,north,66
vehID40120,south,0
vehID20044,east,79
vehID40113,south,0
vehID30121,north,64
vehID40096,south,0
vehID30117,north,63
vehID40097,south,81
vehID30120,north,60
vehID40104,south,80
vehID30126,north,56
vehID20046,east,78
vehID40101,south,79
vehID30113,north,56
vehID40094,south,82
vehID30127,north,55
vehID20045,east,77
vehID30128,north,50
vehID40099,south,79
vehID30112,north,49
vehID40115,south,80
vehID30116,north,50
vehID20049,east,76
vehID40123,south,75
vehID30125,north,46
vehID20048,east,76
vehID40098,south,72
vehID30115,north,45
vehID20047,east,75
vehID30119,north,43
vehID40103,south,78
vehID30142,north,41
vehID40136,south,73
vehID40100,south,77
vehID30140,north,40
vehID40134,south,75
vehID30137,north,37
vehID40141,south,77
vehID30138,north,34
vehID30141,north,34
vehID20050,east,67
vehID40150,south,74
vehID30144,north,31
vehID20051,east,62
vehID40144,south,76
vehID30145,north,30
vehID40147,south,73
vehID20052,east,62
vehID30134,north,25
vehID40138,south,76
vehID20053,east,60
vehID30139,north,23
vehID30143,north,80
vehID40132,south,72
vehID30136,north,79
vehID10084,west,68
vehID30135,north,21
vehID40133,south,69
vehID10085,west,69
vehID30146,north,17
vehID40149,south,75
vehID10083,west,69
vehID30131,north,78
vehID40127,south,71
vehID30132,north,14
vehID10087,west,67
vehID40146,south,74
vehID30133,north,80
vehID20055,east,42
vehID10090,west,68
vehID40137,south,71
vehID30153,north,10
vehID10094,west,69
vehID40140,south,70
vehID20054,east,39
vehID30130,north,76
vehID10092,west,69
vehID40124,south,63
vehID30148,north,5
vehID20057,east,35
vehID10091,west,68
vehID40139,south,74
vehID30162,north,77
vehID30159,north,4
vehID10093,west,66
vehID40129,south,69
vehID30156,north,2
vehID10089,west,65
vehID40125,south,68
vehID30155,north,74
vehID30164,north,73
vehID10100,west,62
vehID20056,east,26
vehID30157,north,0
vehID40135,south,68
vehID10099,west,65
vehID30151,north,73
vehID40130,south,64
vehID20058,east,23
vehID10096,west,66
vehID40128,south,60
vehID30163,north,77
vehID10097,west,64
vehID20059,east,20
vehID40145,south,57
vehID30149,north,69
vehID10095,west,82
vehID20061,east,19
vehID30150,north,75
vehID40148,south,55
vehID10098,west,82
vehID20060,east,16
vehID30161,north,82
vehID40131,south,56
vehID40143,south,56
vehID10102,west,80
vehID30147,north,75
vehID40126,south,55
vehID10101,west,78
vehID30152,north,80
vehID40142,south,46
vehID10103,west,77
vehID20063,east,8
vehID30154,north,67
vehID30158,north,76
vehID40172,south,45
vehID10104,west,77
vehID20064,east,5
vehID30160,north,75
vehID40157,south,47
vehID10106,west,79
vehID20062,east,3
vehID30169,north,68
vehID10105,west,80
vehID30173,north,75
vehID40160,south,41
vehID10107,west,71
vehID30165,north,75
vehID40158,south,39
vehID20065,east,0
vehID10108,west,75
vehID30170,north,74
vehID40159,south,39
vehID20067,east,0
vehID10109,west,74
vehID30171,north,74
vehID40173,south,31
vehID20068,east,0
vehID10110,west,73
vehID30174,north,72
vehID40165,south,31
vehID10111,west,72
vehID30176,north,67
vehID40170,south,31
vehID20066,east,0
vehID30167,north,73
vehID40166,south,29
vehID10112,west,73
vehID30172,north,72
vehID40171,south,29
vehID10113,west,71
vehID20070,east,78
vehID30175,north,70
vehID40152,south,26
vehID10114,west,68
vehID30168,north,71
vehID40153,south,22
vehID10116,west,69
vehID40156,south,23
vehID20071,east,81
vehID10115,west,71
vehID30177,north,69
vehID40151,south,16
vehID10117,west,68
vehID20069,east,77
vehID30166,north,70
vehID40169,south,16
vehID20072,east,80
vehID30178,north,66
vehID40175,south,16
vehID30189,north,63
vehID20078,east,77
vehID30191,north,69
vehID40163,south,11
vehID40154,south,15
vehID20076,east,79
vehID30185,north,70
vehID40155,south,14
vehID30179,north,62
vehID20075,east,76
vehID30187,north,68
vehID40167,south,6
vehID40168,south,5
vehID20077,east,77
vehID30188,north,68
vehID40164,south,4
vehID40174,south,0
vehID20074,east,77
vehID30182,north,70
vehID40161,south,0
vehID20073,east,75
vehID30190,north,69
vehID40162,south,0
vehID20082,east,72
vehID30181,north,67
vehID40177,south,0
vehID20079,east,74
vehID30180,north,68
vehID40195,south,0
vehID20080,east,72
vehID30186,north,60
vehID30192,north,60
vehID40194,south,82
vehID20081,east,71
vehID30184,north,65
vehID40188,south,79
vehID20083,east,73
vehID30183,north,66
vehID40180,south,0
vehID30206,north,62
vehID40182,south,79
vehID20084,east,72
vehID30199,north,66
vehID40184,south,78
vehID20085,east,70
vehID30205,north,62
vehID40187,south,82
vehID30207,north,63
vehID40191,south,79
vehID20086,east,66
vehID30195,north,59
vehID40190,south,77
vehID20088,east,69
vehID30202,north,56
vehID40183,south,82
vehID30193,north,57
vehID20089,east,68
vehID40186,south,79
vehID30201,north,56
vehID20087,east,70
vehID40176,south,79
vehID30198,north,49
vehID20093,east,70
vehID40192,south,78
vehID30204,north,48
vehID20090,east,68
vehID40181,south,77
vehID30196,north,49
vehID20091,east,69
vehID40178,south,78
vehID30203,north,42
vehID40189,south,76
vehID30194,north,42
vehID20092,east,64
vehID40185,south,77
vehID30200,north,38
vehID20094,east,63
vehID30197,north,36
vehID40193,south,76
vehID30214,north,40
vehID40179,south,74
vehID30210,north,34
vehID40196,south,73
vehID30216,north,34
vehID40197,south,75
vehID20095,east,64
vehID30212,north,29
vehID40208,south,74
vehID20097,east,62
vehID30213,north,82
vehID30217,north,29
vehID40205,south,70
vehID20096,east,65
vehID10118,west,66
vehID30209,north,81
vehID40199,south,76
vehID20101,east,62
vehID30215,north,25
vehID10120,west,68
vehID30211,north,81
vehID20100,east,79
vehID40202,south,68
vehID10119,west,64
vehID30218,north,23
vehID20099,east,63
vehID40206,south,74
vehID30208,north,75
vehID10121,west,67
vehID20098,east,80
vehID30220,north,21
vehID40198,south,68
vehID10122,west,68
vehID30227,north,82
vehID40212,south,68
vehID10123,west,63
vehID40215,south,67
vehID10124,west,68
vehID40214,south,69
vehID20105,east,81
vehID10125,west,59
vehID40201,south,68
vehID20103,east,80
vehID10126,west,64
vehID40210,south,67
vehID10127,west,63
vehID20104,east,79
vehID40204,south,66
vehID10128,west,61
vehID20102,east,78
vehID40213,south,69
vehID10129,west,79
vehID20108,east,72
vehID30226,north,83
vehID40207,south,65
vehID10130,west,62
vehID20109,east,80
vehID40211,south,66
vehID10133,west,79
vehID20106,east,76
vehID40222,south,62
vehID10132,west,80
vehID20107,east,74
vehID30222,north,80
vehID30219,north,0
vehID40203,south,55
vehID10134,west,77
vehID20111,east,75
vehID30221,north,73
vehID40209,south,59
vehID10131,west,77
vehID30223,north,72
vehID30224,north,80
vehID40216,south,57
vehID10135,west,74
vehID30225,north,72
vehID40200,south,56
vehID10137,west,77
vehID30228,north,78
vehID20112,east,72
vehID40228,south,50
vehID10136,west,72
vehID30235,north,76
vehID20110,east,70
vehID40224,south,49
vehID10138,west,72
vehID40220,south,47
vehID10142,west,77
vehID30236,north,77
vehID20113,east,74
vehID40227,south,48
vehID10143,west,72
vehID30231,north,74
vehID20115,east,73
vehID40217,south,43
vehID10140,west,74
vehID30229,north,69
vehID30233,north,73
vehID20116,east,73
vehID40219,south,42
vehID10139,west,72
vehID20114,east,70
vehID30232,north,68
vehID40230,south,40
vehID10144,west,71
vehID30234,north,68
vehID40225,south,41
vehID20117,east,70
vehID30230,north,77
vehID10141,west,72
vehID40223,south,38
vehID10147,west,70
vehID30240,north,73
vehID40226,south,33
vehID10146,west,63
vehID30239,north,74
vehID40218,south,31
vehID20120,east,66
vehID10149,west,71
vehID30241,north,75
vehID40221,south,33
vehID10145,west,69
vehID20118,east,69
vehID30237,north,72
vehID40231,south,25
vehID10150,west,69
vehID30242,north,73
vehID40245,south,24
vehID30238,north,71
vehID40229,south,21
vehID30244,north,70
vehID40239,south,21
vehID20119,east,69
vehID30246,north,75
vehID40240,south,18
vehID30243,north,63
vehID40244,south,17
vehID20122,east,66
vehID30245,north,74
vehID40246,south,12
vehID20121,east,67
vehID30247,north,71
vehID40236,south,14
vehID20124,east,66
vehID30248,north,73
vehID40248,south,12
vehID20123,east,64
vehID30249,north,64
vehID40241,south,9
vehID40243,south,10
vehID30254,north,64
vehID20125,east,66
vehID30250,north,68
vehID40238,south,5
vehID30253,north,69
vehID20126,east,58
vehID40237,south,3
vehID30252,north,72
vehID20127,east,64
vehID40233,south,81
vehID20130,east,63
vehID30256,north,71
vehID40232,south,0
vehID40242,south,0
vehID30251,north,66
vehID40247,south,0
vehID30255,north,63
vehID40234,south,0
vehID20129,east,81
vehID30259,north,65
vehID40249,south,80
vehID20128,east,78
vehID30258,north,69
vehID40235,south,77
vehID40258,south,81
vehID20133,east,62
vehID30260,north,65
vehID40250,south,80
vehID30262,north,64
vehID20131,east,77
vehID40265,south,0
vehID30257,north,60
vehID30261,north,61
vehID40261,south,76
vehID20132,east,79
vehID30263,north,59
vehID40253,south,75
vehID20137,east,77
vehID30264,north,57
vehID40264,south,80
vehID20135,east,79
vehID30267,north,56
vehID40257,south,82
vehID20134,east,78
vehID30265,north,50
vehID40251,south,76
vehID30266,north,52
vehID40252,south,72
vehID30269,north,52
vehID40262,south,71
vehID20138,east,73
vehID30268,north,46
vehID30271,north,45
vehID40260,south,77
vehID30270,north,49
vehID20136,east,72
vehID40255,south,76
vehID30272,north,46
vehID20141,east,76
vehID40256,south,76
vehID30276,north,40
vehID20139,east,72
vehID40259,south,74
vehID30275,north,38
vehID40263,south,76
vehID20142,east,76
vehID30278,north,34
vehID30273,north,35
vehID40254,south,73
vehID20140,east,76
vehID30274,north,79
vehID40274,south,75
vehID20143,east,74
vehID30281,north,30
vehID40271,south,72
vehID20146,east,72
vehID30277,north,29
vehID40266,south,69
vehID20145,east,72
vehID30279,north,26
vehID40280,south,68
vehID10148,west,64
vehID30280,north,26
vehID20144,east,71
vehID40273,south,76
vehID30282,north,25
vehID10152,west,69
vehID40270,south,68
vehID30283,north,79
vehID20148,east,66
vehID10153,west,70
vehID40269,south,72
vehID30287,north,76
vehID20149,east,72
vehID10151,west,66
vehID30288,north,19
vehID40276,south,65
vehID20150,east,66
vehID30285,north,81
vehID10156,west,58
vehID40272,south,75
vehID20147,east,68
vehID30284,north,15
vehID10154,west,65
vehID30286,north,76
vehID40268,south,71
vehID10155,west,64
vehID20151,east,66
vehID30289,north,79
vehID40275,south,74
vehID30292,north,76
vehID30290,north,78
vehID10159,west,65
vehID40267,south,71
vehID10162,west,63
vehID40278,south,63
vehID10157,west,60
vehID40279,south,62
vehID10161,west,81
vehID40277,south,69
vehID10158,west,60
vehID10160,west,77
vehID40281,south,68
vehID10169,west,81
vehID40282,south,65
vehID30293,north,75
vehID10171,west,77
vehID40288,south,63
vehID30291,north,0
vehID10168,west,77
vehID40290,south,61
vehID30299,north,73
vehID30298,north,81
vehID40293,south,59
vehID10165,west,78
vehID40287,south,60
vehID10163,west,76
vehID30297,north,72
vehID30295,north,75
vehID40283,south,54
vehID10170,west,76
vehID30296,north,74
vehID40292,south,52
vehID10164,west,77
vehID30294,north,68
vehID40284,south,53
vehID10167,west,73
vehID30304,north,71
vehID40289,south,48
vehID10166,west,75
vehID40286,south,46
vehID30302,north,73
vehID40285,south,46
vehID10175,west,71
vehID30300,north,71
vehID40294,south,46
vehID10177,west,74
vehID30301,north,70
vehID40295,south,43
vehID30303,north,65
vehID10172,west,69
vehID40291,south,41
vehID30307,north,69
vehID10176,west,70
vehID30306,north,66
vehID10174,west,68
vehID40302,south,40
vehID30305,north,74
vehID10173,west,74
vehID40301,south,32
vehID30308,north,73
vehID10183,west,68
vehID40307,south,32
vehID30309,north,71
vehID10178,west,73
vehID10179,west,68
vehID40296,south,29
vehID30310,north,65
vehID40304,south,27
vehID30314,north,70
vehID40303,south,27
vehID30312,north,66
vehID30313,north,74
vehID40300,south,21
vehID30311,north,65
vehID40309,south,83
vehID20153,east,67
vehID30317,north,65
vehID30319,north,71
vehID40297,south,77
vehID30315,north,64
vehID40305,south,15
vehID20152,east,65
vehID40308,south,13
vehID30316,north,70
vehID20156,east,66
vehID40298,south,13
vehID30318,north,61
vehID20155,east,66
vehID30320,north,64
vehID40299,south,9
vehID20154,east,63
vehID30323,north,70
vehID40310,south,77
vehID20160,east,66
vehID30324,north,62
vehID40306,south,4
vehID40316,south,6
vehID20158,east,62
vehID30326,north,68
vehID40319,south,5
vehID20159,east,66
vehID30325,north,57
vehID40312,south,1
vehID40320,south,79
vehID20161,east,61
vehID30327,north,59
vehID30322,north,68
vehID40318,south,0
vehID20157,east,61
vehID40314,south,77
vehID30321,north,60
vehID20163,east,80
vehID40311,south,0
vehID30338,north,69
vehID40321,south,82
vehID20166,east,64
vehID30341,north,58
vehID40315,south,0
vehID20162,east,77
vehID30335,north,59
vehID20165,east,77
vehID30334,north,57
vehID40317,south,0
vehID20168,east,77
vehID20167,east,76
vehID30329,north,55
vehID40323,south,76
vehID20164,east,75
vehID30343,north,65
vehID40313,south,81
vehID20170,east,74
vehID30332,north,62
vehID40328,south,74
vehID20173,east,75
vehID30330,north,57
vehID40322,south,79
vehID20175,east,75
vehID30328,north,54
vehID40327,south,79
vehID20171,east,71
vehID30333,north,55
vehID40325,south,78
vehID20177,east,76
vehID30336,north,53
vehID40330,south,78
vehID20176,east,69
vehID40331,south,77
vehID30337,north,48
vehID20174,east,70
vehID30340,north,46
vehID40329,south,74
vehID20169,east,68
vehID30339,north,50
vehID20172,east,68
vehID40326,south,77
vehID30342,north,79
vehID20181,east,68
vehID40324,south,75
vehID20183,east,70
vehID30331,north,41
vehID40338,south,71
vehID30350,north,78
vehID20184,east,69
vehID40339,south,72
vehID30352,north,74
vehID40332,south,72
vehID30345,north,40
vehID40337,south,74
vehID30348,north,30
vehID30354,north,73
vehID40335,south,71
vehID30357,north,28
vehID30355,north,81
vehID40340,south,73
vehID40334,south,71
vehID10180,west,71
vehID40336,south,70
vehID40341,south,73
vehID10182,west,67
vehID40333,south,71
vehID10181,west,71
vehID40348,south,70
vehID10184,west,66
vehID40347,south,72
vehID10189,west,65
vehID40342,south,67
vehID10188,west,70
vehID40344,south,69
vehID10191,west,68
vehID40350,south,69
vehID10187,west,69
vehID40345,south,67
vehID10190,west,64
vehID40346,south,66
vehID10186,west,82
vehID40349,south,69
vehID10185,west,67
vehID10196,west,66
vehID40343,south,65
vehID10199,west,81
vehID30353,north,79
vehID40355,south,67
vehID10195,west,65
vehID40356,south,66
vehID30344,north,78
vehID10194,west,78
vehID30347,north,0
vehID40357,south,63
vehID30356,north,0
vehID10198,west,82
vehID40359,south,61
vehID30358,north,80
vehID10192,west,77
vehID40353,south,58
vehID30346,north,73
vehID40358,south,58
vehID10193,west,76
vehID30349,north,79
vehID40351,south,53
vehID10197,west,81
vehID30351,north,76
vehID40354,south,53
vehID10202,west,78
vehID30367,north,77
vehID40352,south,52
vehID40366,south,51
vehID10204,west,75
vehID30362,north,76
vehID40365,south,48
vehID10206,west,73
vehID10201,west,76
vehID30371,north,72
vehID40361,south,47
vehID10205,west,74
vehID30366,north,76
vehID40364,south,46
vehID30364,north,75
vehID10200,west,74
vehID40363,south,39
vehID30372,north,75
vehID10203,west,74
vehID40362,south,38
vehID30365,north,75
vehID10207,west,71
vehID40360,south,36
vehID30360,north,68
vehID10212,west,73
vehID40367,south,32
vehID10213,west,71
vehID30369,north,74
vehID40368,south,35
vehID10211,west,69
vehID30359,north,74
vehID40376,south,34
vehID10208,west,67
vehID10217,west,69
vehID30363,north,72
vehID40373,south,28
vehID30361,north,67
vehID40372,south,26
vehID30370,north,75
vehID40371,south,23
vehID30368,north,72
vehID40370,south,22
vehID20178,east,67
vehID30373,north,72
vehID40374,south,18
vehID20179,east,67
vehID30383,north,66
vehID40369,south,20
vehID20180,east,65
vehID30382,north,65
vehID40375,south,15
vehID40381,south,84
vehID20182,east,67
vehID30377,north,73
vehID40385,south,83
vehID20186,east,64
vehID30376,north,72
vehID40383,south,9
vehID20189,east,61
vehID30379,north,67
vehID40380,south,10
vehID30381,north,67
vehID20191,east,67
vehID40382,south,77
vehID30375,north,71
vehID20185,east,63
vehID40379,south,3
vehID30374,north,64
vehID40384,south,76
vehID20187,east,66
vehID40377,south,2
vehID30378,north,71
vehID20190,east,62
vehID40388,south,76
vehID30380,north,63
vehID40378,south,0
vehID30384,north,64
vehID40392,south,78
vehID20188,east,65
vehID30400,north,63
vehID40391,south,79
vehID20192,east,64
vehID40386,south,77
vehID30397,north,70
vehID20196,east,82
vehID30387,north,62
vehID30390,north,64
vehID20194,east,64
vehID40390,south,77
vehID30393,north,61
vehID20198,east,64
vehID20193,east,82
vehID30394,north,62
vehID40394,south,77
vehID20195,east,81
vehID40387,south,74
vehID30396,north,60
vehID20197,east,78
vehID40393,south,74
vehID20202,east,78
vehID40389,south,72
vehID30398,north,59
vehID40403,south,73
vehID20204,east,77
vehID30392,north,55
vehID40395,south,76
vehID20201,east,74
vehID30385,north,56
vehID40402,south,73
vehID20200,east,78
vehID30388,north,48
vehID40399,south,75
vehID20205,east,72
vehID30399,north,47
vehID40397,south,70
vehID20199,east,77
vehID30389,north,42
vehID30386,north,43
vehID40400,south,69
vehID20206,east,70
vehID30395,north,44
vehID40401,south,71
vehID20208,east,74
vehID40398,south,69
vehID20203,east,72
vehID30391,north,43
vehID40396,south,75
vehID20209,east,70
vehID30412,north,34
vehID30423,north,37
vehID40413,south,67
vehID20213,east,74
vehID30410,north,31
vehID20212,east,68
vehID40411,south,75
vehID30419,north,30
vehID20211,east,67
vehID30413,north,35
vehID40409,south,71
vehID40410,south,74
vehID20210,east,67
vehID30414,north,29
vehID30420,north,27
vehID40408,south,70
vehID40404,south,68
vehID30405,north,27
vehID30409,north,24
vehID40412,south,69
vehID40406,south,73
vehID10210,west,63
vehID30406,north,23
vehID40405,south,68
vehID30421,north,21
vehID10214,west,70
vehID40407,south,72
vehID30424,north,78
vehID30401,north,20
vehID10209,west,70
vehID40418,south,66
vehID30416,north,17
vehID10215,west,66
vehID40416,south,68
vehID30408,north,82
vehID40422,south,65
vehID10218,west,65
vehID30418,north,11
vehID40421,south,71
vehID10216,west,62
vehID30404,north,81
vehID40420,south,65
vehID10219,west,64
vehID30407,north,77
vehID40417,south,71
vehID30415,north,8
vehID10221,west,66
vehID30411,north,77
vehID40414,south,64
vehID30417,north,78
vehID10223,west,63
vehID30402,north,80
vehID40415,south,65
vehID10220,west,61
vehID40419,south,69
vehID10228,west,79
vehID10230,west,64
vehID40433,south,64
vehID10224,west,80
vehID40425,south,60
vehID40424,south,68
vehID10227,west,78
vehID10222,west,82
vehID40426,south,63
vehID30445,north,77
vehID10225,west,75
vehID40430,south,64
vehID10229,west,80
vehID30403,north,74
vehID40423,south,61
vehID10226,west,78
vehID30422,north,77
vehID40428,south,62
vehID10236,west,74
vehID30450,north,78
vehID40432,south,58
vehID10231,west,76
vehID10232,west,74
vehID30448,north,75
vehID40427,south,58
vehID10238,west,78
vehID30434,north,75
vehID40429,south,53
vehID40431,south,52
vehID10241,west,76
vehID30441,north,69
vehID40446,south,50
vehID10242,west,73
vehID30437,north,74
vehID30429,north,74
vehID40439,south,50
vehID10237,west,75
vehID30452,north,68
vehID40441,south,48
vehID10233,west,73
vehID30435,north,73
vehID40444,south,46
vehID10234,west,72
vehID10239,west,72
vehID30433,north,67
vehID40435,south,38
vehID10240,west,70
vehID30439,north,73
vehID40434,south,80
vehID10235,west,69
vehID30443,north,67
vehID40437,south,34
vehID10254,west,69
vehID40442,south,35
vehID20207,east,67
vehID30440,north,73
vehID40440,south,34
vehID30449,north,72
vehID40436,south,78
vehID30447,north,72
vehID40445,south,25
vehID30426,north,66
vehID40443,south,76
vehID30438,north,71
vehID40448,south,25
vehID40463,south,21
vehID20218,east,68
vehID30444,north,65
vehID40438,south,20
vehID20217,east,67
vehID30430,north,71
vehID40449,south,20
vehID20214,east,68
vehID30442,north,71
vehID40457,south,82
vehID40455,south,76
vehID20215,east,66
vehID30425,north,64
vehID40462,south,14
vehID20220,east,67
vehID40456,south,14
vehID30432,north,69
vehID20216,east,63
vehID40447,south,82
vehID30431,north,69
vehID20219,east,66
vehID40453,south,83
vehID30436,north,70
vehID40461,south,15
vehID20224,east,65
vehID20226,east,63
vehID30446,north,66
vehID20227,east,61
vehID30451,north,69
vehID20221,east,65
vehID30428,north,68
vehID20223,east,80
vehID30427,north,65
vehID20225,east,61
vehID30462,north,68
vehID20222,east,79
vehID30461,north,67
vehID40459,south,0
vehID20230,east,81
vehID30478,north,63
vehID30475,north,61
vehID40460,south,79
vehID20232,east,78
vehID40451,south,78
vehID40452,south,75
vehID20233,east,77
vehID30470,north,61
vehID40458,south,81
vehID20236,east,77
vehID30476,north,57
vehID30472,north,56
vehID40475,south,78
vehID20228,east,78
vehID30469,north,56
vehID40467,south,77
vehID20235,east,77
vehID30459,north,51
vehID40454,south,77
vehID20234,east,76
vehID30466,north,48
vehID40474,south,75
vehID20237,east,75
vehID40450,south,72
vehID30471,north,47
vehID20229,east,75
vehID30458,north,45
vehID30477,north,46
vehID40479,south,75
vehID20231,east,72
vehID30463,north,43
vehID40466,south,72
vehID20244,east,72
vehID30465,north,41
vehID40468,south,75
vehID20240,east,75
vehID30454,north,40
vehID40470,south,74
vehID20239,east,69
vehID30479,north,39
vehID40477,south,71
vehID20241,east,75
vehID30456,north,33
vehID20242,east,74
vehID40465,south,74
vehID30480,north,32
vehID20238,east,72
vehID40472,south,74
vehID20243,east,69
vehID30464,north,33
vehID40480,south,70
vehID20251,east,71
vehID30453,north,27
vehID40464,south,73
vehID20245,east,69
vehID30473,north,25
vehID40476,south,73
vehID30467,north,24
vehID40478,south,72
vehID10250,west,68
vehID30455,north,24
vehID40471,south,69
vehID10255,west,63
vehID30468,north,16
vehID40469,south,72
vehID10253,west,72
vehID30457,north,18
vehID30474,north,83
vehID40473,south,70
vehID10244,west,69
vehID30501,north,13
vehID40489,south,69
vehID10251,west,65
vehID30460,north,11
vehID40491,south,65
vehID10245,west,65
vehID30496,north,7
vehID40486,south,67
vehID10247,west,63
vehID30489,north,8
vehID40490,south,71
vehID10248,west,65
vehID30481,north,80
vehID40494,south,71
vehID10243,west,63
vehID30498,north,80
vehID40492,south,64
vehID30485,north,1
vehID10249,west,61
vehID30497,north,79
vehID40481,south,65
vehID10252,west,84
vehID30486,north,80
vehID40485,south,70
vehID30510,north,0
vehID30483,north,78
vehID10246,west,61
vehID40496,south,64
vehID10260,west,79
vehID40499,south,63
vehID40497,south,68
vehID10258,west,61
vehID30488,north,0
vehID30487,north,74
vehID40487,south,62
vehID10256,west,79
vehID30514,north,80
vehID40483,south,65
vehID10257,west,80
vehID30482,north,79
vehID40500,south,60
vehID10269,west,76
vehID10263,west,78
vehID30499,north,73
vehID40493,south,59
vehID30513,north,70
vehID10259,west,75
vehID10270,west,77
vehID30506,north,78
vehID40484,south,53
vehID10265,west,76
vehID30493,north,77
vehID40495,south,52
vehID10267,west,77
vehID30511,north,78
vehID40482,south,53
vehID40528,south,47
vehID10264,west,76
vehID30503,north,69
vehID30515,north,69
vehID40513,south,47
vehID10268,west,74
vehID30495,north,76
vehID40498,south,48
vehID10262,west,74
vehID30502,north,73
vehID10261,west,73
vehID40488,south,42
vehID10278,west,72
vehID30505,north,75
vehID40509,south,43
vehID10277,west,73
vehID30504,north,74
vehID40504,south,38
vehID10266,west,70
vehID40530,south,38
vehID30494,north,73
vehID10275,west,70
vehID40529,south,33
vehID30512,north,73
vehID40506,south,35
vehID30490,north,65
vehID40522,south,29
vehID30492,north,74
vehID40518,south,27
vehID30508,north,70
vehID40519,south,27
vehID40525,south,27
vehID30500,north,68
vehID30484,north,73
vehID40512,south,26
vehID20246,east,65
vehID30507,north,69
vehID40515,south,22
vehID30509,north,72
vehID40526,south,79
vehID20248,east,68
vehID40523,south,20
vehID30491,north,66
vehID40521,south,17
vehID20247,east,67
vehID30528,north,67
vehID30519,north,66
vehID40508,south,16
vehID20258,east,67
vehID30549,north,72
vehID20250,east,67
vehID40510,south,13
vehID30542,north,67
vehID40520,south,14
vehID20249,east,65
vehID30535,north,70
vehID40517,south,76
vehID20254,east,62
vehID30529,north,65
vehID40503,south,82
vehID20252,east,65
vehID30545,north,69
vehID40514,south,6
vehID40505,south,75
vehID20257,east,61
vehID30553,north,70
vehID40501,south,75
vehID40527,south,80
vehID20259,east,80
vehID30517,north,65
vehID20255,east,64
vehID30554,north,66
vehID20256,east,77
vehID30521,north,63
vehID20253,east,82
vehID30526,north,67
vehID40524,south,74
vehID20261,east,75
vehID30536,north,64
vehID40502,south,79
vehID20260,east,78
vehID30522,north,61
vehID40511,south,78
vehID20262,east,73
vehID30547,north,62
vehID20265,east,75
vehID40516,south,78
vehID30540,north,60
vehID30530,north,58
vehID20263,east,76
vehID40507,south,73
vehID30523,north,58
vehID40563,south,77
vehID20264,east,74
vehID30552,north,53
vehID40543,south,79
vehID20266,east,75
vehID30520,north,52
vehID40567,south,75
vehID20272,east,74
vehID30555,north,54
vehID40534,south,77
vehID20275,east,72
vehID30518,north,47
vehID40535,south,74
vehID20273,east,74
vehID30538,north,45
vehID20276,east,69
vehID40558,south,73
vehID30539,north,46
vehID20268,east,69
vehID40556,south,73
vehID20269,east,72
vehID30537,north,42
vehID40532,south,76
vehID20274,east,70
vehID30527,north,39
vehID40546,south,75
vehID20271,east,70
vehID30546,north,38
vehID20267,east,69
vehID40553,south,74
vehID30544,north,34
vehID10273,west,70
vehID20270,east,69
vehID40566,south,69
vehID30516,north,34
vehID40545,south,72
vehID30534,north,30
vehID40550,south,69
vehID40569,south,73
vehID30550,north,28
vehID40541,south,73
vehID30532,north,26
vehID10276,west,69
vehID40568,south,68
vehID30533,north,24
vehID10272,west,65
vehID40549,south,69
vehID40540,south,73
vehID10286,west,67
vehID30548,north,21
vehID40552,south,65
vehID10284,west,69
vehID30525,north,18
vehID40559,south,73
vehID10281,west,66
vehID30524,north,16
vehID40554,south,66
vehID30551,north,14
vehID10279,west,64
vehID30543,north,13
vehID40561,south,72
vehID10285,west,67
vehID30541,north,79
vehID40531,south,70
vehID10282,west,67
vehID30579,north,8
vehID30531,north,8
vehID40542,south,71
vehID30586,north,78
vehID10283,west,65
vehID40564,south,63
vehID30575,north,81
vehID10274,west,67
vehID30561,north,78
vehID30560,north,76
vehID40544,south,66
vehID10280,west,67
vehID40539,south,69
vehID10271,west,64
vehID40536,south,65
vehID40570,south,63
vehID10291,west,63
vehID40555,south,64
vehID10294,west,81
vehID40547,south,66
vehID10295,west,65
vehID30566,north,0
vehID40565,south,59
vehID10287,west,78
vehID30593,north,83
vehID40538,south,62
vehID10288,west,78
vehID30557,north,81
vehID40551,south,60
vehID10296,west,78
vehID30574,north,78
vehID30562,north,78
vehID40562,south,56
vehID10289,west,77
vehID30559,north,78
vehID40533,south,53
vehID10297,west,76
vehID30577,north,75
vehID40571,south,52
vehID10293,west,78
vehID40557,south,53
vehID10290,west,75
vehID30581,north,78
vehID40537,south,50
vehID10301,west,74
vehID30568,north,75
vehID40560,south,47
vehID10299,west,77
vehID30580,north,77
vehID40548,south,49
vehID10300,west,73
vehID30569,north,74
vehID40602,south,42
vehID10312,west,73
vehID30570,north,76
vehID40595,south,46
vehID10292,west,72
vehID30564,north,74
vehID40605,south,38
vehID10309,west,70
vehID30572,north,73
vehID40585,south,34
vehID10298,west,71
vehID10302,west,69
vehID30591,north,78
vehID40574,south,33
vehID10317,west,69
vehID30565,north,71
vehID40599,south,83
vehID20283,east,70
vehID30584,north,73
vehID40600,south,82
vehID30567,north,72
vehID40608,south,80
vehID30576,north,73
vehID40596,south,22
vehID30578,north,70
vehID40607,south,21
vehID30571,north,66
vehID40591,south,23
vehID20277,east,65
vehID30583,north,68
vehID40590,south,20
vehID30589,north,72
vehID20281,east,67
vehID40589,south,16
vehID30563,north,65
vehID20284,east,68
vehID30582,north,65
vehID40573,south,16
vehID30573,north,71
vehID40579,south,13
vehID20280,east,66
vehID30558,north,66
vehID40610,south,77
vehID20282,east,67
vehID30590,north,71
vehID40588,south,10
vehID20285,east,65
vehID40583,south,10
vehID40587,south,78
vehID20279,east,60
vehID30556,north,66
vehID40577,south,81
vehID40604,south,77
vehID20278,east,80
vehID30588,north,70
vehID40584,south,8
vehID20290,east,63
vehID30598,north,64
vehID40594,south,7
vehID20291,east,79
vehID30617,north,66
vehID40572,south,76
vehID20288,east,81
vehID30585,north,69
vehID20287,east,78
vehID30587,north,63
vehID30592,north,67
vehID20286,east,80
vehID30612,north,60
vehID20292,east,77
vehID40601,south,74
vehID30594,north,65
vehID20289,east,79
vehID30608,north,66
vehID20296,east,77
vehID40578,south,80
vehID30602,north,59
vehID20293,east,77
vehID40609,south,75
vehID30605,north,58
vehID20294,east,76
vehID40582,south,82
vehID20298,east,75
vehID30616,north,60
vehID40575,south,74
vehID20299,east,74
vehID30611,north,50
vehID40611,south,71
vehID20300,east,76
vehID30624,north,52
vehID40581,south,71
vehID40603,south,69
vehID20295,east,72
vehID30618,north,49
vehID30607,north,48
vehID40586,south,70
vehID30596,north,47
vehID20297,east,69
vehID40580,south,69
vehID30609,north,43
vehID20304,east,69
vehID20306,east,73
vehID40597,south,68
vehID30600,north,43
vehID20305,east,73
vehID40576,south,67
vehID30614,north,41
vehID40598,south,75
vehID20301,east,70
vehID10307,west,71
vehID30601,north,40
vehID40614,south,74
vehID20307,east,71
vehID30604,north,35
vehID40592,south,73
vehID20302,east,69
vehID20303,east,71
vehID30613,north,36
vehID40593,south,76
vehID20313,east,70
vehID30615,north,35
vehID40606,south,66
vehID30620,north,27
vehID40634,south,72
vehID30621,north,25
vehID30603,north,24
vehID40629,south,68
vehID30610,north,77
vehID40619,south,72
vehID10311,west,67
vehID30595,north,82
vehID40638,south,69
vehID10316,west,69
vehID30619,north,19
vehID30623,north,18
vehID30599,north,76
vehID40625,south,72
vehID10306,west,68
vehID30597,north,78
vehID40624,south,68
vehID10314,west,65
vehID30622,north,82
vehID40622,south,71
vehID10313,west,73
vehID30606,north,10
vehID30652,north,75
vehID40620,south,63
vehID10318,west,70
vehID40616,south,68
vehID10304,west,64
vehID40646,south,66
vehID10310,west,69
vehID40640,south,70
vehID10315,west,63
vehID40618,south,64
vehID10303,west,68
vehID40642,south,69
vehID10305,west,62
vehID40627,south,63
vehID40628,south,65
vehID10308,west,66
vehID40647,south,70
vehID10319,west,63
vehID30659,north,0
vehID40635,south,61
vehID10333,west,65
vehID30661,north,0
vehID40623,south,63
vehID10325,west,100
vehID30626,north,0
vehID40633,south,64
vehID10323,west,65
vehID30657,north,76
vehID30649,north,75
vehID30636,north,0
vehID40630,south,60
vehID10324,west,100
vehID30642,north,75
vehID40613,south,59
vehID10322,west,97
vehID30662,north,81
vehID10320,west,95
vehID40639,south,57
vehID30658,north,79
vehID40644,south,56
vehID10330,west,99
vehID40612,south,54
vehID30653,north,77
vehID40641,south,55
vehID10331,west,98
vehID30645,north,76
vehID40617,south,53
vehID10334,west,94
vehID30631,north,76
vehID10329,west,93
vehID40648,south,52
vehID10332,west,96
vehID30660,north,74
vehID40645,south,47
vehID10328,west,94
vehID30643,north,77
vehID40631,south,45
vehID10326,west,91
vehID30654,north,75
vehID40643,south,43
vehID10321,west,92
vehID30634,north,75
vehID40636,south,40
vehID10327,west,90
vehID40632,south,39
vehID30630,north,72
vehID10349,west,90
vehID30638,north,73
vehID40621,south,37
vehID10338,west,87
vehID30640,north,70
vehID40626,south,36
vehID10336,west,89
vehID30629,north,71
vehID40696,south,33
vehID10342,west,87
vehID30639,north,74
vehID40659,south,96
vehID10346,west,86
vehID10340,west,86
vehID30644,north,71
vehID40637,south,28
vehID30648,north,68
vehID40677,south,97
vehID30656,north,67
vehID20312,east,68
vehID40615,south,23
vehID30641,north,70
vehID40653,south,98
vehID20315,east,69
vehID30650,north,66
vehID40672,south,19
vehID20308,east,69
vehID40650,south,96
vehID30635,north,69
vehID40691,south,18
vehID20314,east,70
vehID30655,north,69
vehID40649,south,99
vehID20310,east,72
vehID30632,north,68
vehID40661,south,14
vehID40654,south,97
vehID20311,east,71
vehID30637,north,69
vehID40665,south,12
vehID20309,east,72
vehID40667,south,98
vehID30647,north,62
vehID20319,east,74
vehID40674,south,99
vehID30646,north,68
vehID40657,south,11
vehID20320,east,80
vehID40669,south,9
vehID30625,north,67
vehID30633,north,62
vehID20317,east,73
vehID30627,north,66
vehID20321,east,74
vehID30628,north,68
vehID20322,east,78
vehID30686,north,67
vehID20316,east,78
vehID30651,north,63
vehID20318,east,78
vehID40689,south,96
vehID30677,north,62
vehID20323,east,78
vehID40683,south,97
vehID30665,north,61
vehID20327,east,79
vehID30671,north,57
vehID40692,south,100
vehID40678,south,98
vehID20330,east,78
vehID30694,north,57
vehID20332,east,79
vehID40684,south,99
vehID30692,north,58
vehID20325,east,79
vehID40685,south,100
vehID20328,east,81
vehID30668,north,52
vehID40687,south,100
vehID20331,east,82
vehID30673,north,50
vehID40651,south,100
vehID20324,east,80
vehID40652,south,100
vehID30675,north,47
vehID40670,south,100
vehID20326,east,81
vehID30684,north,45
vehID40680,south,100
vehID20333,east,83
vehID30689,north,42
vehID40688,south,100
vehID20329,east,82
vehID30676,north,42
vehID20334,east,85
vehID40658,south,100
vehID30679,north,39
vehID20335,east,83
vehID40682,south,100
vehID20341,east,85
vehID30664,north,36
vehID40663,south,100
vehID20339,east,86
vehID30682,north,36
vehID40662,south,100
vehID30681,north,32
vehID40664,south,100
vehID30685,north,26
vehID40656,south,98
vehID30687,north,29
vehID40693,south,99
vehID30667,north,23
vehID40686,south,95
vehID10343,west,84
vehID30690,north,20
vehID10345,west,83
vehID40676,south,92
vehID30683,north,19
vehID30678,north,18
vehID10335,west,85
vehID40666,south,89
vehID30691,north,17
vehID10341,west,84
vehID40679,south,87
vehID30670,north,63
vehID10337,west,81
vehID40673,south,81
vehID30674,north,10
vehID10350,west,80
vehID40668,south,81
vehID30693,north,10
vehID10344,west,78
vehID40694,south,78
vehID30669,north,8
vehID10339,west,74
vehID40655,south,74
vehID30680,north,6
vehID40671,south,73
vehID10348,west,73
vehID30666,north,4
vehID40690,south,69
vehID10367,west,72
vehID30695,north,2
vehID40695,south,69
vehID10347,west,67
vehID30663,north,45
vehID40740,south,66
vehID10365,west,64
vehID30688,north,42
vehID40675,south,64
vehID10361,west,61
vehID40737,south,60
vehID10366,west,59
vehID40660,south,57
vehID30672,north,0
vehID10354,west,56
vehID30705,north,0
vehID40702,south,53
vehID10356,west,55
vehID30721,north,40
vehID40681,south,50
vehID10357,west,49
vehID30712,north,43
vehID40720,south,49
vehID10351,west,48
vehID30723,north,38
vehID40708,south,46
vehID10363,west,45
vehID30703,north,36
vehID40713,south,45
vehID10353,west,45
vehID30710,north,32
vehID40733,south,39
vehID40705,south,38
vehID10364,west,40
vehID30711,north,31
vehID40719,south,38
vehID10358,west,38
vehID30713,north,28
vehID40739,south,35
vehID10359,west,36
vehID30714,north,26
vehID40724,south,32
vehID10355,west,30
vehID30725,north,23
vehID40723,south,31
vehID10362,west,29
vehID30707,north,21
vehID40729,south,27
vehID10352,west,27
vehID40704,south,27
vehID10377,west,29
vehID30697,north,19
vehID30716,north,16
vehID40715,south,25
vehID10360,west,26
vehID30708,north,12
vehID40717,south,22
vehID10376,west,24
vehID10368,west,23
vehID30702,north,11
vehID40709,south,19
vehID10381,west,19
vehID30715,north,2
vehID40727,south,15
vehID10380,west,20
vehID40738,south,15
vehID30698,north,6
vehID40730,south,11
vehID30717,north,2
vehID40743,south,9
vehID30704,north,1
vehID40700,south,6
vehID30696,north,0
vehID40721,south,2
vehID20338,east,0
vehID30719,north,0
vehID40711,south,0
vehID20340,east,0
vehID30706,north,0
vehID40697,south,0
vehID20342,east,0
vehID30722,north,0
vehID40718,south,0
vehID20336,east,0
vehID30724,north,0
vehID40726,south,0
